<beans xmlns="http://www.springframework.org/schema/beans"
	xmlns:xsi="http://www.w3.org/2001/XMLSchema-instance"
	xmlns:context="http://www.springframework.org/schema/context"
	xmlns:mvc="http://www.springframework.org/schema/mvc"
	xmlns:tx="http://www.springframework.org/schema/tx"
	xsi:schemaLocation="http://www.springframework.org/schema/mvc http://www.springframework.org/schema/mvc/spring-mvc.xsd
		http://www.springframework.org/schema/beans http://www.springframework.org/schema/beans/spring-beans.xsd
		http://www.springframework.org/schema/tx http://www.springframework.org/schema/tx/spring-tx-4.1.xsd
		http://www.springframework.org/schema/context http://www.springframework.org/schema/context/spring-context.xsd">
 
	<!--<context:annotation-config />--> 
	
	<context:component-scan base-package="com.atoz" />
	
  
 <!--<bean id="stockDAOImpl" class="com.bku.inautix.dao.impl.StockDAOImpl" >

	 <bean id="stockBean" class="com.bku.inautix.model.StockBean" >		
		
	</bean> -->
 <bean class="org.springframework.jdbc.datasource.DriverManagerDataSource" id="dataSource">

<property value="org.apache.derby.jdbc.ClientDriver" name="driverClassName"/>

<property value="jdbc:derby://172.24.21.24:1527/DictionaryDB" name="url"/>

<property value="Janani" name="username"/>

<property value="jananidb" name="password"/>

</bean>
 <!-- JSON Support -->
    <bean name="viewResolver" class="org.springframework.web.servlet.view.BeanNameViewResolver"/>
    <bean name="jsonTemplate" class="org.springframework.web.servlet.view.json.MappingJackson2JsonView"/>
    
	 
	 <bean id="metaData" class="com.atoz.controller.MetaData" />
	 <bean id="data" class="com.atoz.controller.Data" />
	
	 <bean id="response" class="com.atoz.controller.Response" />	
		
    <mvc:annotation-driven /> 
    <mvc:default-servlet-handler/>
 
</beans>