{"swagger":"2.0","info":{"description":"Api Documentation","version":"1.0","title":"Api Documentation","termsOfService":"urn:tos","contact":{"name":"Contact Email"},"license":{"name":"Apache 2.0","url":"http://www.apache.org/licenses/LICENSE-2.0"}},"host":"localhost:8080","basePath":"/Dictionary","tags":[{"name":"word-controller","description":"Word Controller"}],"paths":{"/Words":{"get":{"tags":["word-controller"],"summary":"retrieve all records using GET method","description":"Returns the list of words ","operationId":"getAllWordsUsingGET","consumes":["application/json"],"produces":["*/*"],"responses":{"404":{"description":"Invalid Information Sent"},"200":{"description":"Successful Response","schema":{"type":"array","items":{"$ref":"#/definitions/WordBean"}}},"201":{"description":"Created Response","schema":{"type":"array","items":{"$ref":"#/definitions/WordBean"}}},"401":{"description":"Unauthorized"},"400":{"description":"Bad Request"},"403":{"description":"Forbidden"},"500":{"description":"Internal Server Error"}}},"post":{"tags":["word-controller"],"summary":"Save a word using POST method","description":"Create student data ","operationId":"addWordUsingPOST","consumes":["application/json"],"produces":["*/*"],"parameters":[{"in":"body","name":"wordBean","description":"wordBean","required":true,"schema":{"$ref":"#/definitions/WordBean"}}],"responses":{"404":{"description":"Invalid Information Sent"},"200":{"description":"Successful Response","schema":{"type":"object"}},"201":{"description":"Created Response","schema":{"type":"object"}},"401":{"description":"Unauthorized"},"400":{"description":"Bad Request"},"403":{"description":"Forbidden"},"500":{"description":"Internal Server Error"}}},"put":{"tags":["word-controller"],"summary":"Update meaning of a word using PUT method","description":"Update Meaning","operationId":"UpdateMeaningUsingPUT","consumes":["application/json"],"produces":["*/*"],"parameters":[{"in":"body","name":"wordBean","description":"wordBean","required":true,"schema":{"$ref":"#/definitions/WordBean"}}],"responses":{"404":{"description":"Invalid Information Sent"},"200":{"description":"Successful Response","schema":{"type":"object"}},"201":{"description":"Created Response","schema":{"type":"object"}},"401":{"description":"Unauthorized"},"400":{"description":"Bad Request"},"403":{"description":"Forbidden"},"500":{"description":"Internal Server Error"}}}},"/Words/Update_Frequency":{"put":{"tags":["word-controller"],"summary":"UpadateFrequency","operationId":"UpadateFrequencyUsingPUT","consumes":["application/json"],"produces":["*/*"],"parameters":[{"in":"body","name":"wordBean","description":"wordBean","required":true,"schema":{"$ref":"#/definitions/WordBean"}}],"responses":{"404":{"description":"Not Found"},"200":{"description":"OK","schema":{"type":"string"}},"201":{"description":"Created"},"401":{"description":"Unauthorized"},"403":{"description":"Forbidden"}}}},"/Words/Update_Type":{"put":{"tags":["word-controller"],"summary":"UpadateType","operationId":"UpadateTypeUsingPUT","consumes":["application/json"],"produces":["*/*"],"parameters":[{"in":"body","name":"wordBean","description":"wordBean","required":true,"schema":{"$ref":"#/definitions/WordBean"}}],"responses":{"404":{"description":"Not Found"},"200":{"description":"OK","schema":{"type":"string"}},"201":{"description":"Created"},"401":{"description":"Unauthorized"},"403":{"description":"Forbidden"}}}},"/Words/getWord":{"post":{"tags":["word-controller"],"summary":"getWord","operationId":"getWordUsingPOST","consumes":["application/json"],"produces":["*/*"],"parameters":[{"in":"body","name":"wordBean","description":"wordBean","required":true,"schema":{"$ref":"#/definitions/WordBean"}}],"responses":{"404":{"description":"Not Found"},"200":{"description":"OK","schema":{"type":"string"}},"201":{"description":"Created"},"401":{"description":"Unauthorized"},"403":{"description":"Forbidden"}}}},"/Words/getWords":{"post":{"tags":["word-controller"],"summary":"getWords","operationId":"getWordsUsingPOST","consumes":["application/json"],"produces":["*/*"],"parameters":[{"in":"body","name":"wordBean","description":"wordBean","required":true,"schema":{"$ref":"#/definitions/WordBean"}}],"responses":{"404":{"description":"Not Found"},"200":{"description":"OK","schema":{"type":"string"}},"201":{"description":"Created"},"401":{"description":"Unauthorized"},"403":{"description":"Forbidden"}}}},"/Words/{word}":{"get":{"tags":["word-controller"],"summary":"retrieve all records of a word","description":"Returns the detail of a word ","operationId":"getWordUsingGET","consumes":["application/json"],"produces":["*/*"],"parameters":[{"name":"word","in":"path","description":"word","required":true,"type":"string"}],"responses":{"404":{"description":"Invalid Information Sent"},"200":{"description":"Successful Response","schema":{"type":"array","items":{"$ref":"#/definitions/WordBean"}}},"201":{"description":"Created Response","schema":{"type":"array","items":{"$ref":"#/definitions/WordBean"}}},"401":{"description":"Unauthorized"},"400":{"description":"Bad Request"},"403":{"description":"Forbidden"},"500":{"description":"Internal Server Error"}}},"delete":{"tags":["word-controller"],"summary":"Delete a word using DELETE method","description":"Delete a Word","operationId":"DeleteWordUsingDELETE","consumes":["application/json"],"produces":["*/*"],"parameters":[{"name":"word","in":"path","description":"word","required":true,"type":"string"}],"responses":{"204":{"description":"No Content"},"404":{"description":"Invalid Information Sent"},"200":{"description":"Successful Response","schema":{"type":"object"}},"201":{"description":"Created Response","schema":{"type":"object"}},"401":{"description":"Unauthorized"},"400":{"description":"Bad Request"},"403":{"description":"Forbidden"},"500":{"description":"Internal Server Error"}}}}},"definitions":{"WordBean":{"properties":{"frequency":{"type":"integer","format":"int32"},"id":{"type":"integer","format":"int32"},"meaning":{"type":"string"},"type":{"type":"string"},"word":{"type":"string"}}}}}